dataset,method,stratum,n,MAE,MAPE_%,accuracy_%,R2,hit_pm1_%,hit_pm2_%,worst,bias
d1,B1_components,all,51,6.313725490196078,6.746898168293332,93.25310183170666,0.5511650868878357,7.8431372549019605,11.76470588235294,19.0,-3.372549019607843
d1,B2_area,all,51,22.764705882352942,25.27824425782748,74.72175574217252,-5.324140995260663,5.88235294117647,7.8431372549019605,87.0,21.627450980392158
d1,B3_dist_watershed,all,51,74.90196078431373,82.23303141813729,17.76696858186272,-54.10329778830963,0.0,0.0,123.0,-73.6078431372549
d1,B4_erosion_watershed,all,51,5.450980392156863,5.787554377962721,94.21244562203728,0.568957345971564,13.725490196078432,29.411764705882355,26.0,-1.2941176470588236
d1,B5_concave_ellipse,all,51,18.941176470588236,20.218580952951047,79.78141904704896,-3.471563981042654,0.0,0.0,78.0,18.823529411764707
d1,Ours_ASW_SPC,all,51,2.7450980392156863,3.0328494639422523,96.96715053605774,0.8556477093206951,41.17647058823529,62.745098039215684,18.0,-0.23529411764705882
d2,B1_components,all,40,22.95,32.06419998656275,67.93580001343726,-1.8659910431984872,20.0,20.0,51.0,-22.95
d2,B1_components,touch=0.0,8,0.25,0.41442048517520214,99.5855795148248,0.9986576055038174,100.0,100.0,1.0,-0.25
d2,B1_components,touch=0.2,8,12.5,19.855771966114155,80.14422803388584,0.4152450874541136,0.0,0.0,19.0,-12.5
d2,B1_components,touch=0.4,8,27.625,37.910520655186694,62.089479344813306,-2.09818092729834,0.0,0.0,37.0,-27.625
d2,B1_components,touch=0.6,8,35.5,47.006113485610804,52.99388651438919,-4.435736677115988,0.0,0.0,51.0,-35.5
d2,B1_components,touch=0.8,8,38.875,55.13417334072687,44.86582665927313,-5.121212121212121,0.0,0.0,51.0,-38.875
d2,B2_area,all,40,2.3,3.3147031205793867,96.68529687942062,0.9452948975901939,52.5,75.0,18.0,-1.35
d2,B2_area,touch=0.0,8,1.125,1.5909925440441315,98.40900745595587,0.9912744357748133,75.0,100.0,2.0,-0.375
d2,B2_area,touch=0.2,8,1.125,1.932446687370469,98.06755331262953,0.9935219175124164,62.5,100.0,2.0,-0.625
d2,B2_area,touch=0.4,8,2.25,3.3501297940199333,96.64987020598006,0.9745207325289398,25.0,50.0,4.0,-0.75
d2,B2_area,touch=0.6,8,2.5,3.217276804255135,96.78272319574486,0.9456635318704284,50.0,62.5,8.0,-2.25
d2,B2_area,touch=0.8,8,4.5,6.482669773207264,93.51733022679274,0.8062514912908614,50.0,62.5,18.0,-2.75
d2,B3_dist_watershed,all,40,8.2,11.365775205021718,88.63422479497828,0.6076067908503398,20.0,22.5,24.0,-8.2
d2,B3_dist_watershed,touch=0.0,8,0.0,0.0,100.0,1.0,100.0,100.0,0.0,0.0
d2,B3_dist_watershed,touch=0.2,8,4.5,7.566595837989662,92.43340416201033,0.9248542431440294,0.0,12.5,6.0,-4.5
d2,B3_dist_watershed,touch=0.4,8,10.625,14.623209384131444,85.37679061586856,0.5340233968273412,0.0,0.0,15.0,-10.625
d2,B3_dist_watershed,touch=0.6,8,11.125,14.31646801647182,85.68353198352818,0.4258098223615465,0.0,0.0,16.0,-11.125
d2,B3_dist_watershed,touch=0.8,8,14.75,20.322602786515652,79.67739721348434,0.041756144118348826,0.0,0.0,24.0,-14.75
d2,B4_erosion_watershed,all,40,22.925,32.02848570084846,67.97151429915154,-1.8658983226859283,20.0,20.0,51.0,-22.925
d2,B4_erosion_watershed,touch=0.0,8,0.125,0.2358490566037736,99.76415094339622,0.9993288027519087,100.0,100.0,1.0,-0.125
d2,B4_erosion_watershed,touch=0.2,8,12.5,19.855771966114155,80.14422803388584,0.4152450874541136,0.0,0.0,19.0,-12.5
d2,B4_erosion_watershed,touch=0.4,8,27.625,37.910520655186694,62.089479344813306,-2.09818092729834,0.0,0.0,37.0,-27.625
d2,B4_erosion_watershed,touch=0.6,8,35.5,47.006113485610804,52.99388651438919,-4.435736677115988,0.0,0.0,51.0,-35.5
d2,B4_erosion_watershed,touch=0.8,8,38.875,55.13417334072687,44.86582665927313,-5.121212121212121,0.0,0.0,51.0,-38.875
d2,B5_concave_ellipse,all,40,11.625,16.169609640367906,83.83039035963209,0.26852787642210074,20.0,20.0,27.0,-11.625
d2,B5_concave_ellipse,touch=0.0,8,0.0,0.0,100.0,1.0,100.0,100.0,0.0,0.0
d2,B5_concave_ellipse,touch=0.2,8,7.625,12.178778206741773,87.82122179325823,0.7767220902612827,0.0,0.0,11.0,-7.625
d2,B5_concave_ellipse,touch=0.4,8,15.875,21.201956802181453,78.79804319781854,-0.08825871256201379,0.0,0.0,26.0,-15.875
d2,B5_concave_ellipse,touch=0.6,8,16.375,21.561035590423167,78.43896440957683,-0.16771159874608155,0.0,0.0,23.0,-16.375
d2,B5_concave_ellipse,touch=0.8,8,18.25,25.906277602493127,74.09372239750687,-0.3915533285612025,0.0,0.0,27.0,-18.25
d2,Ours_ASW_SPC,all,40,0.25,0.38672397003547976,99.61327602996451,0.9985164717990561,97.5,97.5,3.0,-0.25
d2,Ours_ASW_SPC,touch=0.0,8,0.0,0.0,100.0,1.0,100.0,100.0,0.0,0.0
d2,Ours_ASW_SPC,touch=0.2,8,0.125,0.13297872340425532,99.86702127659575,0.999568127834161,100.0,100.0,1.0,-0.125
d2,Ours_ASW_SPC,touch=0.4,8,0.125,0.20161290322580644,99.79838709677419,0.999510014087095,100.0,100.0,1.0,-0.125
d2,Ours_ASW_SPC,touch=0.6,8,0.125,0.1953125,99.8046875,0.9994775339602926,100.0,100.0,1.0,-0.125
d2,Ours_ASW_SPC,touch=0.8,8,0.875,1.403715723547337,98.59628427645266,0.9937962300167025,87.5,87.5,3.0,-0.875
d3,B1_components,all,719,3.31432545201669,23.833752960420977,76.16624703957903,-2.4366757133615295,20.30598052851182,40.333796940194716,16.0,3.0778859527121
d3,B2_area,all,719,18.390820584144645,130.64248480900434,-30.642484809004355,-137.85967442208113,12.378303198887343,16.27260083449235,76.0,18.285118219749652
d3,B3_dist_watershed,all,719,8.265646731571627,57.18420743247753,42.81579256752247,-19.445548862891453,9.457579972183588,16.82892906815021,18.0,-4.863699582753825
d3,B4_erosion_watershed,all,719,4.287899860917942,30.631904330803522,69.36809566919648,-4.439936131880707,12.656467315716272,25.73018080667594,16.0,4.098748261474269
d3,B5_concave_ellipse,all,719,6.1557719054242,43.78599664338479,56.214003356615216,-11.133222676704802,9.040333796940194,19.19332406119611,24.0,6.100139082058415
d3,Ours_ASW_SPC,all,719,0.5006954102920723,3.8851471094502994,96.1148528905497,0.41872708793507696,93.46314325452016,96.94019471488178,16.0,0.1474269819193324
